Expt,Run,Speed
1,1,3
1,2,0
1,3,0
1,4,-2
1,5,-1
1,6,3
1,7,-1
1,8,4
1,9,3
1,10,5
1,11,0
1,12,4
1,13,2
1,14,4
1,15,-3
1,16,-4
1,17,-6
1,18,5
1,19,-2
1,20,0
1,21,2
1,22,2
1,23,-5
1,24,1
1,25,0
1,26,2
1,27,1
1,28,5
1,29,0
1,30,-2
1,31,-1
1,32,1
1,33,2
1,34,2
1,35,0
1,36,0
1,37,-1
1,38,5
1,39,0
1,40,0
1,41,-6
1,42,7
1,43,3
1,44,0
1,45,1
1,46,-2
1,47,1
1,48,-1
1,49,0
1,50,0
1,51,0
1,52,7
1,53,2
1,54,2
1,55,-8
1,56,-6
1,57,0
1,58,0
1,59,0
1,60,-3
1,61,0
1,62,-3
1,63,3
1,64,2
1,65,0
1,66,1
1,67,-2
1,68,0
1,69,0
1,70,0
1,71,1
1,72,0
1,73,-8
1,74,0
1,75,0
1,76,0
1,77,0
1,78,1
1,79,1
1,80,3
1,81,2
1,82,0
1,83,-2
1,84,0
1,85,-4
1,86,3
1,87,0
1,88,3
1,89,0
1,90,0
1,91,0
1,92,0
1,93,0
1,94,0
1,95,-1
1,96,0
1,97,-1
1,98,0
1,99,-6
1,100,-2
1,101,1
1,102,0
1,103,9
1,104,5
1,105,-2
1,106,2
1,107,0
1,108,0
1,109,0
1,110,0
1,111,1
1,112,-2
1,113,2
1,114,0
1,115,0
1,116,3
1,117,5
1,118,3
1,119,0
1,120,3
1,121,0
1,122,0
1,123,-7
1,124,0
1,125,0
1,126,-3
1,127,3
1,128,0
1,129,2
1,130,0
1,131,2
1,132,0
1,133,-1
1,134,2
1,135,-4
1,136,0
1,137,0
1,138,0
1,139,3
1,140,9
1,141,3
1,142,-1
1,143,3
1,144,0
1,145,0
1,146,0
1,147,1
1,148,2
1,149,0
1,150,5
1,151,2
1,152,2
1,153,1
1,154,-1
1,155,2
1,156,0
1,157,0
1,158,-2
1,159,2
1,160,0
1,161,-6
1,162,3
1,163,-1
1,164,2
1,165,1
1,166,1
1,167,-3
1,168,-2
1,169,0
1,170,0
1,171,0
1,172,2
1,173,0
1,174,0
1,175,-1
1,176,0
1,177,0
1,178,-2
1,179,0
1,180,6
1,181,2
1,182,0
1,183,0
1,184,5
1,185,0
1,186,3
1,187,-2
1,188,-6
1,189,0
1,190,3
1,191,7
1,192,-3
1,193,0
1,194,0
1,195,2
1,196,-1
1,197,3
1,198,5
1,199,0
1,200,-3
1,201,0
1,202,-2
1,203,0
1,204,0
1,205,7
1,206,-1
1,207,0
1,208,3
1,209,0
1,210,0
1,211,5
1,212,3
1,213,4
1,214,-6
1,215,0
1,216,-3
1,217,-2
1,218,5
1,219,-4
1,220,-4
1,221,2
1,222,0
1,223,-1
1,224,1
1,225,-4
1,226,-1
1,227,-6
1,228,2
1,229,-3
1,230,0
1,231,-7
1,232,3
1,233,-2
1,234,3
1,235,3
1,236,-6
1,237,0
1,238,2
1,239,-4
1,240,6
1,241,0
1,242,-1
1,243,3
1,244,-1
1,245,2
1,246,5
1,247,-11
1,248,3
1,249,-5
1,250,0
1,251,0
1,252,0
1,253,0
1,254,5
1,255,-1
1,256,3
1,257,0
1,258,-8
1,259,1
1,260,5
1,261,0
1,262,-4
1,263,-3
1,264,-7
1,265,-2
1,266,-1
1,267,2
1,268,-4
1,269,0
1,270,2
1,271,-1
1,272,4
1,273,0
1,274,2
1,275,5
1,276,0
1,277,1
1,278,0
1,279,7
1,280,-2
1,281,2
1,282,4
1,283,0
1,284,-2
1,285,0
1,286,-2
1,287,4
1,288,5
1,289,-3
1,290,-2
1,291,-1
1,292,0
1,293,0
1,294,1
1,295,6
1,296,8
1,297,-1
1,298,-2
1,299,-1
1,300,4
1,301,0
1,302,0
1,303,0
1,304,6
1,305,0
1,306,0
1,307,2
1,308,0
1,309,-1
1,310,0
1,311,-1
1,312,0
1,313,6
1,314,1
1,315,0
1,316,4
1,317,0
1,318,3
1,319,2
1,320,3
1,321,0
1,322,0
1,323,0
1,324,3
1,325,0
1,326,-1
1,327,2
1,328,2
1,329,0
1,330,4
1,331,0
1,332,1
1,333,1
1,334,0
1,335,3
1,336,0
1,337,6
1,338,0
1,339,-1
1,340,0
1,341,-1
1,342,3
1,343,0
1,344,3
1,345,0
1,346,0
1,347,2
1,348,0
1,349,0
1,350,3
1,351,2
1,352,4
1,353,-1
1,354,-1
1,355,0
1,356,0
1,357,-1
1,358,3
1,359,0
1,360,0
1,361,3
1,362,3
1,363,0
1,364,0
1,365,0
1,366,0
1,367,0
1,368,0
1,369,-1
1,370,0
1,371,0
1,372,0
1,373,2
1,374,0
1,375,4
1,376,3
1,377,-2
1,378,1
1,379,-2
1,380,3
1,381,-1
1,382,0
1,383,-1
1,384,1
1,385,-1
1,386,0
1,387,-2
1,388,-1
1,389,0
1,390,0
1,391,0
1,392,0
1,393,-1
1,394,0
1,395,0
1,396,0
1,397,-1
1,398,-1
1,399,0
1,400,0
1,401,0
1,402,4
1,403,2
1,404,0
1,405,0
1,406,2
1,407,0
1,408,0
1,409,3
1,410,2
1,411,0
1,412,-1
1,413,-3
1,414,0
1,415,3
1,416,3
1,417,-2
1,418,4
1,419,0
1,420,-1
1,421,0
1,422,2
1,423,2
1,424,0
1,425,4
1,426,4
1,427,7
1,428,4
1,429,3
1,430,1
1,431,-2
1,432,5
1,433,0
1,434,0
1,435,-2
1,436,0
1,437,0
1,438,1
1,439,0
1,440,2
1,441,1
1,442,1
1,443,0
1,444,0
1,445,0
1,446,0
1,447,0
1,448,0
1,449,2
1,450,5
1,451,2
1,452,-2
1,453,-9
1,454,1
1,455,0
1,456,-3
1,457,6
1,458,1
1,459,0
1,460,7
1,461,0
1,462,6
1,463,-10
1,464,0
1,465,3
1,466,4
1,467,3
1,468,3
1,469,3
1,470,-3
1,471,6
1,472,-6
1,473,-2
1,474,2
1,475,5
1,476,6
1,477,0
1,478,4
1,479,1
1,480,0
1,481,0
1,482,0
1,483,2
1,484,0
1,485,4
1,486,0
1,487,0
1,488,0
1,489,0
1,490,0
1,491,0
1,492,-3
1,493,2
1,494,0
1,495,1
1,496,-5
1,497,0
1,498,1
1,499,-5
1,500,4
1,501,0
1,502,0
1,503,0
1,504,2
1,505,0
1,506,-3
1,507,1
1,508,2
1,509,-6
1,510,-2
1,511,0
1,512,-2
1,513,1
1,514,-1
1,515,-8
1,516,0
1,517,1
1,518,-2
1,519,2
1,520,3
1,521,3
1,522,0
1,523,0
1,524,0
1,525,-2
1,526,0
1,527,3
1,528,0
1,529,6
1,530,-3
1,531,2
1,532,0
1,533,0
1,534,4
1,535,2
1,536,3
1,537,-1
1,538,1
1,539,3
1,540,-1
1,541,-2
1,542,2
1,543,2
1,544,1
1,545,-4
1,546,0
1,547,2
1,548,3
1,549,1
1,550,0
1,551,0
1,552,4
1,553,1
1,554,-15
1,555,-2
1,556,-2
1,557,-4
1,558,-2
1,559,3
1,560,0
1,561,1
1,562,0
1,563,-2
1,564,2
1,565,6
1,566,2
1,567,0
1,568,0
1,569,0
1,570,-1
1,571,0
1,572,3
1,573,3
1,574,0
1,575,2
1,576,0
1,577,0
1,578,-4
1,579,6
1,580,0
1,581,-2
1,582,-2
1,583,5
1,584,0
1,585,1
1,586,-4
1,587,0
1,588,3
1,589,-1
1,590,-4
1,591,-4
1,592,0
1,593,2
1,594,-1
1,595,0
1,596,3
1,597,3
1,598,-3
1,599,0
1,600,4
1,601,2
1,602,0
1,603,-2
1,604,3
1,605,-1
1,606,0
1,607,6
1,608,0
1,609,5
1,610,2
1,611,-1
1,612,-6
1,613,-3
1,614,4
1,615,0
1,616,3
1,617,0
1,618,-1
1,619,0
1,620,-5
1,621,3
1,622,1
1,623,-2
1,624,0
1,625,0
1,626,3
1,627,0
1,628,1
1,629,1
1,630,0
1,631,0
1,632,0
1,633,0
1,634,7
1,635,0
1,636,0
1,637,-3
1,638,-3
1,639,0
1,640,-6
1,641,0
1,642,-9
1,643,-8
1,644,1
1,645,2
1,646,0
1,647,3
1,648,0
1,649,2
1,650,-3
1,651,-2
1,652,-2
1,653,0
1,654,0
1,655,1
1,656,-3
1,657,1
1,658,0
1,659,0
1,660,-3
1,661,-1
1,662,-3
1,663,0
1,664,4
1,665,-6
1,666,0
1,667,0
1,668,-3
1,669,0
1,670,-3
1,671,1
1,672,0
1,673,2
1,674,2
1,675,6
1,676,3
1,677,5
1,678,2
1,679,0
1,680,0
1,681,-9
1,682,0
1,683,2
1,684,0
1,685,2
1,686,0
1,687,0
1,688,0
1,689,-3
1,690,-6
1,691,0
1,692,-1
1,693,4
1,694,3
1,695,0
1,696,-2
1,697,2
1,698,0
1,699,0
1,700,0
1,701,-3
1,702,3
1,703,4
1,704,3
1,705,2
1,706,3
1,707,0
1,708,0
1,709,0
1,710,2
1,711,3
1,712,0
1,713,3
1,714,1
1,715,-2
1,716,3
1,717,-6
1,718,0
1,719,0
1,720,2
1,721,5
1,722,-2
1,723,-2
1,724,0
1,725,1
1,726,-2
1,727,2
1,728,-5
1,729,0
1,730,0
1,731,0
1,732,3
1,733,5
1,734,0
1,735,3
1,736,-3
1,737,3
1,738,-1
1,739,2
1,740,-2
1,741,0
1,742,0
1,743,1
1,744,0
1,745,0
1,746,-2
1,747,0
1,748,0
1,749,-5
1,750,3
1,751,2
1,752,3
1,753,3
1,754,0
1,755,3
1,756,-4
1,757,-3
1,758,2
1,759,0
1,760,-1
1,761,0
1,762,2
1,763,5
1,764,-2
1,765,-2
1,766,0
1,767,1
1,768,-3
1,769,7
1,770,1
1,771,0
1,772,0
1,773,0
1,774,2
1,775,-4
1,776,8
1,777,-5
1,778,-1
1,779,0
1,780,0
1,781,0
1,782,0
1,783,0
1,784,0
1,785,0
1,786,0
1,787,-3
1,788,-2
1,789,2
1,790,-2
1,791,1
1,792,0
1,793,-3
1,794,-3
1,795,-5
1,796,4
1,797,5
1,798,-2
1,799,0
1,800,1
1,801,-2
1,802,1
1,803,0
1,804,0
1,805,0
1,806,0
1,807,0
1,808,0
1,809,-2
1,810,1
1,811,0
1,812,0
1,813,-2
1,814,1
1,815,-2
1,816,0
1,817,0
1,818,0
1,819,0
1,820,6
1,821,-1
1,822,-2
1,823,-3
1,824,-2
1,825,-5
1,826,0
1,827,0
1,828,3
1,829,6
1,830,0
1,831,4
1,832,0
1,833,0
1,834,-5
1,835,0
1,836,2
1,837,-3
1,838,-2
1,839,0
1,840,0
1,841,-2
1,842,5
1,843,0
1,844,0
1,845,8
1,846,3
1,847,0
1,848,-1
1,849,1
1,850,-2
1,851,2
1,852,6
1,853,0
1,854,1
1,855,0
1,856,0
1,857,1
1,858,2
1,859,-1
1,860,0
1,861,1
1,862,5
1,863,3
1,864,-2
1,865,1
1,866,3
1,867,5
1,868,0
1,869,0
1,870,3
1,871,-2
1,872,1
1,873,-2
1,874,2
1,875,-3
1,876,6
1,877,7
1,878,6
1,879,-4
1,880,6
1,881,0
1,882,6
1,883,0
1,884,-7
1,885,-3
1,886,2
1,887,-7
1,888,-3
1,889,1
1,890,3
1,891,-2
1,892,1
1,893,2
1,894,3
1,895,0
1,896,-3
1,897,4
1,898,0
1,899,5
1,900,-2
1,901,1
1,902,0
1,903,4
1,904,0
1,905,3
1,906,2
1,907,3
1,908,0
1,909,0
1,910,0
1,911,3
1,912,0
1,913,-1
1,914,2
1,915,2
1,916,0
1,917,4
1,918,0
1,919,1
1,920,1
1,921,0
1,922,3
1,923,0
1,924,6
1,925,0
1,926,-1
1,927,0
1,928,-1
1,929,3
1,930,0
1,931,3
1,932,0
1,933,0
1,934,2
1,935,0
1,936,0
1,937,3
1,938,2
1,939,4
1,940,-1
1,941,-1
1,942,0
1,943,0
1,944,-1
1,945,3
1,946,0
1,947,0
1,948,3
1,949,3
1,950,0
1,951,0
1,952,0
1,953,0
1,954,0
1,955,0
1,956,-1
1,957,0
1,958,0
1,959,0
1,960,2
1,961,0
1,962,4
1,963,3
1,964,-2
1,965,1
1,966,-2
1,967,3
1,968,-1
1,969,0
1,970,-1
1,971,1
1,972,-1
1,973,0
1,974,-2
1,975,-1
1,976,0
1,977,0
1,978,0
1,979,0
1,980,-1
1,981,0
1,982,0
1,983,0
1,984,-1
1,985,-1
1,986,0
1,987,0
1,988,-1
1,989,0
1,990,0
1,991,0
1,992,3
1,993,0
1,994,1
1,995,0
1,996,-1
1,997,4
1,998,0
1,999,0
1,1000,0
1,1001,0
1,1002,1
1,1003,3
1,1004,0
1,1005,2
1,1006,0
1,1007,0
1,1008,-1
1,1009,8
1,1010,1
1,1011,0
1,1012,0
1,1013,7
1,1014,2
1,1015,0
1,1016,0
1,1017,1
1,1018,6
1,1019,4
1,1020,0
1,1021,1
1,1022,4
1,1023,0
1,1024,0
1,1025,4
1,1026,0
1,1027,1
1,1028,0
1,1029,6
1,1030,0
1,1031,0
1,1032,4
1,1033,-1
1,1034,0
1,1035,2
1,1036,0
1,1037,0
1,1038,2
1,1039,0
1,1040,1
1,1041,0
1,1042,-2
1,1043,1
1,1044,0
1,1045,0
1,1046,0
1,1047,0
1,1048,6
1,1049,0
1,1050,0
1,1051,0
1,1052,2
1,1053,0
1,1054,2
1,1055,0
1,1056,4
1,1057,4
1,1058,0
1,1059,-2
1,1060,1
1,1061,-1
1,1062,0
1,1063,-8
1,1064,0
1,1065,0
1,1066,4
1,1067,-2
1,1068,2
1,1069,9
1,1070,3
1,1071,4
1,1072,0
1,1073,0
1,1074,-3
1,1075,2
1,1076,1
1,1077,-1
1,1078,0
1,1079,2
1,1080,-1
1,1081,0
1,1082,-4
1,1083,-5
1,1084,0
1,1085,-2
1,1086,0
1,1087,1
1,1088,1
1,1089,-6
1,1090,3
1,1091,-2
1,1092,0
1,1093,9
1,1094,0
1,1095,0
1,1096,3
1,1097,0
1,1098,-10
1,1099,-1
1,1100,0
1,1101,0
1,1102,-2
1,1103,2
1,1104,0
1,1105,2
1,1106,0
1,1107,-1
1,1108,0
1,1109,0
1,1110,0
1,1111,-2
1,1112,3
1,1113,-2
1,1114,-1
1,1115,0
1,1116,0
1,1117,0
1,1118,0
1,1119,0
1,1120,0
1,1121,2
1,1122,2
1,1123,0
1,1124,1
1,1125,-4
1,1126,2
1,1127,-3
1,1128,3
1,1129,1
1,1130,-5
1,1131,0
1,1132,0
1,1133,2
1,1134,-2
1,1135,0
1,1136,2
1,1137,0
1,1138,0
1,1139,0
1,1140,-8
1,1141,4
1,1142,0
1,1143,0
1,1144,1
1,1145,4
1,1146,-2
1,1147,0
1,1148,2
1,1149,5
1,1150,0
1,1151,-2
1,1152,1
1,1153,5
1,1154,0
1,1155,1
1,1156,-2
1,1157,5
1,1158,-1
1,1159,2
1,1160,-3
1,1161,-3
1,1162,0
1,1163,3
1,1164,0
1,1165,3
1,1166,0
1,1167,0
1,1168,3
1,1169,0
1,1170,0
1,1171,2
1,1172,0
1,1173,-4
1,1174,0
1,1175,-1
1,1176,-2
1,1177,3
1,1178,1
1,1179,0
1,1180,-2
1,1181,-3
1,1182,0
1,1183,0
1,1184,0
1,1185,5
1,1186,0
1,1187,-3
1,1188,1
1,1189,5
1,1190,2
1,1191,6
1,1192,-1
1,1193,-2
1,1194,0
1,1195,-3
1,1196,3
1,1197,-3
1,1198,0
1,1199,0
1,1200,0
1,1201,5
1,1202,0
1,1203,0
1,1204,-2
1,1205,-3
1,1206,1
1,1207,2
1,1208,0
1,1209,-7
1,1210,0
1,1211,0
1,1212,0
1,1213,0
1,1214,0
1,1215,4
1,1216,1
1,1217,5
1,1218,3
1,1219,0
1,1220,-1
1,1221,-3
1,1222,0
1,1223,2
1,1224,-1
1,1225,0
1,1226,3
1,1227,0
1,1228,0
1,1229,1
1,1230,4
1,1231,2
1,1232,0
1,1233,3
1,1234,0
1,1235,0
1,1236,2
1,1237,0
1,1238,0
1,1239,-2
1,1240,-2
1,1241,1
1,1242,0
1,1243,5
1,1244,0
1,1245,4
1,1246,0
1,1247,2
1,1248,2
1,1249,0
1,1250,3
1,1251,3
1,1252,3
1,1253,0
1,1254,-2
1,1255,-2
1,1256,6
1,1257,8
1,1258,1
1,1259,-3
1,1260,2
1,1261,0
1,1262,0
1,1263,2
1,1264,1
1,1265,2
1,1266,0
1,1267,0
1,1268,1
1,1269,0
1,1270,1
1,1271,1
1,1272,3
1,1273,0
1,1274,7
1,1275,2
1,1276,-3
1,1277,0
1,1278,-2
1,1279,0
1,1280,2
1,1281,0
1,1282,0
1,1283,0
1,1284,-1
1,1285,-4
1,1286,0
1,1287,3
1,1288,0
1,1289,-3
1,1290,3
1,1291,2
1,1292,0
1,1293,1
1,1294,0
1,1295,0
1,1296,6
1,1297,-4
1,1298,3
1,1299,7
1,1300,-1
1,1301,-2
1,1302,1
1,1303,0
1,1304,5
1,1305,1
1,1306,4
1,1307,5
1,1308,0
1,1309,-2
1,1310,3
1,1311,0
1,1312,2
1,1313,1
1,1314,1
1,1315,0
1,1316,0
1,1317,5
1,1318,1
1,1319,0
1,1320,3
1,1321,0
1,1322,-1
1,1323,0
1,1324,2
1,1325,2
1,1326,0
1,1327,0
1,1328,0
1,1329,-1
1,1330,5
1,1331,-2
1,1332,0
1,1333,0
1,1334,0
1,1335,-1
1,1336,0
1,1337,0
1,1338,0
1,1339,-3
1,1340,3
1,1341,5
1,1342,-3
1,1343,1
1,1344,0
1,1345,2
1,1346,0
1,1347,1
1,1348,-7
1,1349,2
1,1350,0
1,1351,6
1,1352,0
1,1353,2
1,1354,-4
1,1355,0
1,1356,2
1,1357,0
1,1358,1
1,1359,4
1,1360,-2
1,1361,-1
1,1362,-3
1,1363,0
1,1364,-3
1,1365,1
1,1366,5
1,1367,2
1,1368,4
1,1369,3
1,1370,0
1,1371,-2
1,1372,7
1,1373,-4
1,1374,1
1,1375,-1
1,1376,-3
1,1377,2
1,1378,-1
1,1379,0
1,1380,4
1,1381,0
1,1382,3
1,1383,5
1,1384,1
1,1385,0
1,1386,0
1,1387,0
1,1388,0
1,1389,0
1,1390,2
1,1391,-1
1,1392,-3
1,1393,3
1,1394,-7
1,1395,-2
1,1396,-2
1,1397,3
1,1398,0
1,1399,2
1,1400,0
1,1401,2
1,1402,0
1,1403,0
1,1404,3
1,1405,2
1,1406,-3
1,1407,6
1,1408,0
1,1409,1
1,1410,0
1,1411,-3
1,1412,1
1,1413,4
1,1414,-2
1,1415,-4
1,1416,0
1,1417,0
1,1418,1
1,1419,0
1,1420,1
1,1421,0
1,1422,0
1,1423,5
1,1424,0
1,1425,-3
1,1426,-3
1,1427,-3
1,1428,-3
1,1429,-3
1,1430,4
1,1431,6
1,1432,-3
1,1433,-8
1,1434,-5
1,1435,4
1,1436,0
1,1437,-3
1,1438,-3
1,1439,-3
1,1440,-3
1,1441,3
1,1442,0
1,1443,-2
1,1444,0
1,1445,-2
1,1446,-1
1,1447,0
1,1448,2
1,1449,-3
1,1450,-6
1,1451,-3
1,1452,-5
1,1453,4
1,1454,2
1,1455,-1
1,1456,-4
1,1457,0
1,1458,3
1,1459,-3
1,1460,0
1,1461,2
1,1462,4
1,1463,-7
1,1464,-3
1,1465,3
1,1466,0
1,1467,-2
1,1468,0
1,1469,1
1,1470,2
1,1471,-2
1,1472,1
1,1473,7
1,1474,1
1,1475,0
1,1476,0
1,1477,1
1,1478,-2
1,1479,0
1,1480,0
1,1481,0
1,1482,-3
1,1483,-6
1,1484,2
1,1485,2
1,1486,4
1,1487,3
1,1488,1
1,1489,20
1,1490,1
1,1491,-3
1,1492,1
1,1493,0
1,1494,0
1,1495,2
1,1496,3
1,1497,0
1,1498,-1
1,1499,-7
1,1500,0
1,1501,0
1,1502,1
1,1503,0
1,1504,-5
1,1505,0
1,1506,8
1,1507,0
1,1508,6
1,1509,-3
1,1510,6
1,1511,-1
1,1512,-4
1,1513,-4
1,1514,0
1,1515,-6
1,1516,1
1,1517,3
1,1518,1
1,1519,6
1,1520,0
1,1521,2
1,1522,-1
1,1523,-3
1,1524,1
1,1525,7
1,1526,2
1,1527,-4
1,1528,6
1,1529,1
1,1530,0
1,1531,-3
1,1532,1
1,1533,-3
1,1534,7
1,1535,-1
1,1536,0
1,1537,0
1,1538,2
1,1539,5
1,1540,1
1,1541,0
1,1542,-7
1,1543,-2
1,1544,0
1,1545,4
1,1546,2
1,1547,-5
1,1548,0
1,1549,0
1,1550,7
1,1551,2
1,1552,0
1,1553,-3
1,1554,0
1,1555,-1
1,1556,0
1,1557,1
1,1558,2
1,1559,0
1,1560,-2
1,1561,0
1,1562,1
1,1563,8
1,1564,1
1,1565,-2
1,1566,1
1,1567,4
1,1568,-5
1,1569,2
1,1570,0
1,1571,0
1,1572,0
1,1573,-2
1,1574,1
1,1575,0
1,1576,3
1,1577,0
1,1578,1
1,1579,-3
1,1580,-2
1,1581,0
1,1582,1
1,1583,-2
1,1584,0
1,1585,0
1,1586,-3
1,1587,-3
1,1588,-3
1,1589,5
1,1590,0
1,1591,1
1,1592,0
1,1593,-3
1,1594,2
1,1595,0
1,1596,-3
1,1597,0
1,1598,1
1,1599,2
1,1600,0
1,1601,3
1,1602,-2
1,1603,2
1,1604,0
1,1605,-2
1,1606,2
1,1607,-1
1,1608,-5
1,1609,-4
1,1610,6
1,1611,6
1,1612,5
1,1613,-5
1,1614,1
1,1615,2
1,1616,-3
1,1617,-4
1,1618,0
1,1619,0
1,1620,-3
1,1621,2
1,1622,4
1,1623,0
1,1624,2
1,1625,1
1,1626,3
1,1627,0
1,1628,8
1,1629,5
1,1630,0
1,1631,0
1,1632,5
1,1633,0
1,1634,1
1,1635,3
1,1636,0
1,1637,4
1,1638,-3
1,1639,0
1,1640,3
1,1641,0
1,1642,2
1,1643,1
1,1644,3
1,1645,-1
1,1646,0
1,1647,3
1,1648,-3
1,1649,0
1,1650,-3
1,1651,2
1,1652,2
1,1653,3
1,1654,4
1,1655,-4
1,1656,0
1,1657,-1
1,1658,-2
1,1659,2
1,1660,3
1,1661,0
1,1662,-2
1,1663,1
1,1664,0
1,1665,-2
1,1666,2
1,1667,0
1,1668,2
1,1669,0
1,1670,-2
1,1671,0
1,1672,0
1,1673,-1
1,1674,3
1,1675,5
1,1676,-4
1,1677,-3
1,1678,0
1,1679,0
1,1680,0
1,1681,2
1,1682,0
1,1683,11
1,1684,1
1,1685,0
1,1686,-3
1,1687,3
1,1688,1
1,1689,-3
1,1690,0
1,1691,-1
1,1692,-1
1,1693,-2
1,1694,1
1,1695,0
1,1696,3
1,1697,2
1,1698,1
1,1699,-2
1,1700,-3
1,1701,0
1,1702,-1
1,1703,1
1,1704,7
1,1705,2
1,1706,5
1,1707,2
1,1708,7
1,1709,-7
1,1710,4
1,1711,0
1,1712,-3
1,1713,1
1,1714,0
1,1715,0
1,1716,0
1,1717,2
1,1718,0
1,1719,4
1,1720,-2
1,1721,0
1,1722,0
1,1723,0
1,1724,0
1,1725,0
1,1726,1
1,1727,0
1,1728,-2
1,1729,2
1,1730,2
1,1731,2
1,1732,0
1,1733,0
1,1734,-3
1,1735,1
1,1736,1
1,1737,3
1,1738,2
1,1739,4
1,1740,4
1,1741,-1
1,1742,-13
1,1743,0
1,1744,0
1,1745,0
1,1746,0
1,1747,-3
1,1748,0
1,1749,0
1,1750,-1
1,1751,0
1,1752,1
1,1753,3
1,1754,4
1,1755,0
1,1756,1
1,1757,0
1,1758,2
1,1759,-4
1,1760,3
1,1761,2
1,1762,3
1,1763,-3
1,1764,0
1,1765,0
1,1766,3
1,1767,0
1,1768,-2
1,1769,0
1,1770,0
1,1771,4
1,1772,1
1,1773,0
1,1774,0
1,1775,2
1,1776,7
1,1777,0
1,1778,0
1,1779,0
1,1780,2
1,1781,3
1,1782,2
1,1783,0
1,1784,2
1,1785,0
1,1786,2
1,1787,-2
1,1788,-4
1,1789,5
1,1790,2
1,1791,0
1,1792,0
1,1793,2
1,1794,0
1,1795,1
1,1796,-1
1,1797,1
1,1798,2
1,1799,0
1,1800,1
1,1801,1
1,1802,-1
1,1803,0
1,1804,0
1,1805,0
1,1806,2
1,1807,0
1,1808,0
1,1809,-1
1,1810,0
1,1811,0
1,1812,0
1,1813,0
1,1814,0
1,1815,0
1,1816,-1
1,1817,1
1,1818,0
1,1819,0
1,1820,11
1,1821,2
1,1822,3
1,1823,0
1,1824,0
1,1825,3
1,1826,0
1,1827,3
1,1828,-1
1,1829,0
1,1830,-1
1,1831,3
1,1832,0
1,1833,2
1,1834,0
1,1835,0
1,1836,0
1,1837,0
1,1838,0
1,1839,2
1,1840,-1
1,1841,0
1,1842,-1
1,1843,0
1,1844,-1
1,1845,2
1,1846,-1
1,1847,0
1,1848,0
1,1849,3
1,1850,0
1,1851,2
1,1852,-1
1,1853,-1
1,1854,2
1,1855,0
1,1856,2
1,1857,0
1,1858,-8
1,1859,11
1,1860,5
1,1861,0
1,1862,5
1,1863,5
1,1864,3
1,1865,0
1,1866,0
1,1867,0
1,1868,0
1,1869,0
1,1870,4
1,1871,0
1,1872,0
1,1873,2
1,1874,0
1,1875,0
1,1876,0
1,1877,-1
1,1878,-3
1,1879,0
1,1880,0
1,1881,0
1,1882,0
1,1883,0
1,1884,9
1,1885,2
1,1886,-1
1,1887,-1
1,1888,0
1,1889,0
1,1890,0
1,1891,-1
1,1892,-2
1,1893,0
1,1894,3
1,1895,0
1,1896,0
1,1897,3
1,1898,0
1,1899,0
1,1900,-1
1,1901,-3
1,1902,-9
1,1903,4
1,1904,0
1,1905,1
1,1906,0
1,1907,-3
1,1908,3
1,1909,0
1,1910,-5
1,1911,2
1,1912,6
1,1913,0
1,1914,0
1,1915,-4
1,1916,-5
1,1917,3
1,1918,-7
1,1919,3
1,1920,-5
1,1921,2
1,1922,1
1,1923,-1
1,1924,3
1,1925,0
1,1926,0
1,1927,-3
1,1928,-4
1,1929,-1
1,1930,0
1,1931,6
1,1932,-2
1,1933,0
1,1934,-3
1,1935,-2
1,1936,2
1,1937,0
1,1938,0
1,1939,3
1,1940,0
1,1941,3
1,1942,1
1,1943,3
1,1944,5
1,1945,3
1,1946,0
1,1947,0
1,1948,0
1,1949,0
1,1950,0
1,1951,0
1,1952,-2
1,1953,0
1,1954,0
1,1955,0
1,1956,0
1,1957,-4
1,1958,3
1,1959,0
1,1960,2
1,1961,3
1,1962,0
1,1963,3
1,1964,0
1,1965,0
1,1966,1
1,1967,0
1,1968,-2
1,1969,-3
1,1970,0
1,1971,0
1,1972,-1
1,1973,-3
1,1974,-3
1,1975,0
1,1976,-3
1,1977,-2
1,1978,5
1,1979,-2
1,1980,1
1,1981,0
1,1982,8
1,1983,2
1,1984,3
1,1985,-4
1,1986,3
1,1987,1
1,1988,4
1,1989,3
1,1990,0
1,1991,0
1,1992,3
1,1993,-2
1,1994,-2
1,1995,0
1,1996,0
1,1997,0
1,1998,1
1,1999,2
1,2000,-5
1,2001,2
1,2002,6
1,2003,0
1,2004,0
1,2005,0
1,2006,1
1,2007,0
1,2008,2
1,2009,3
1,2010,3
1,2011,-1
1,2012,0
1,2013,4
1,2014,-2
1,2015,0
1,2016,0
1,2017,0
1,2018,0
1,2019,-5
1,2020,-2
1,2021,6
1,2022,7
1,2023,2
1,2024,-3
1,2025,2
1,2026,-8
1,2027,2
1,2028,-9
1,2029,-3
1,2030,-2
1,2031,0
1,2032,1
1,2033,1
1,2034,7
1,2035,0
1,2036,3
1,2037,0
1,2038,-1
1,2039,-3
1,2040,3
1,2041,1
1,2042,0
1,2043,-4
1,2044,3
1,2045,-1
1,2046,1
1,2047,6
1,2048,-1
1,2049,0
1,2050,9
1,2051,3
1,2052,-9
1,2053,1
1,2054,-4
1,2055,0
1,2056,-1
1,2057,7
1,2058,3
1,2059,2
1,2060,1
1,2061,2
1,2062,-5
1,2063,0
1,2064,-3
1,2065,0
1,2066,2
1,2067,-2
1,2068,5
1,2069,0
1,2070,1
1,2071,5
1,2072,0
1,2073,-3
1,2074,0
1,2075,0
1,2076,0
1,2077,0
1,2078,8
1,2079,1
1,2080,1
1,2081,-4
1,2082,5
1,2083,-2
1,2084,-5
1,2085,0
1,2086,1
1,2087,3
1,2088,-4
1,2089,3
1,2090,1
1,2091,0
1,2092,1
1,2093,0
1,2094,7
1,2095,-5
1,2096,5
1,2097,4
1,2098,1
1,2099,-2
1,2100,0
1,2101,0
1,2102,2
1,2103,0
1,2104,-2
1,2105,-1
1,2106,3
1,2107,2
1,2108,0
1,2109,2
1,2110,-4
1,2111,-8
1,2112,0
1,2113,0
1,2114,-4
1,2115,0
1,2116,4
1,2117,1
1,2118,0
1,2119,0
1,2120,-2
1,2121,0
1,2122,-1
1,2123,6
1,2124,1
1,2125,0
1,2126,0
1,2127,-4
1,2128,0
1,2129,2
1,2130,12
1,2131,2
1,2132,0
1,2133,0
1,2134,0
1,2135,-1
1,2136,1
1,2137,-3
1,2138,0
1,2139,0
1,2140,-3
1,2141,-5
1,2142,0
1,2143,1
1,2144,-1
1,2145,0
1,2146,0
1,2147,1
1,2148,-3
1,2149,6
1,2150,0
1,2151,-3
1,2152,-1
1,2153,2
1,2154,2
1,2155,0
1,2156,0
1,2157,0
1,2158,0
1,2159,5
1,2160,1
1,2161,1
1,2162,-5
1,2163,-4
1,2164,0
1,2165,0
1,2166,0
1,2167,-3
1,2168,-5
1,2169,2
1,2170,0
1,2171,0
1,2172,2
1,2173,-3
1,2174,0
1,2175,2
1,2176,-1
1,2177,4
1,2178,3
1,2179,4
1,2180,1
1,2181,0
1,2182,0
1,2183,0
1,2184,3
1,2185,4
1,2186,2
1,2187,4
1,2188,-3
1,2189,0
1,2190,4
1,2191,-3
1,2192,-2
1,2193,3
1,2194,1
1,2195,0
1,2196,2
1,2197,3
1,2198,1
1,2199,-4
1,2200,5
1,2201,0
1,2202,0
1,2203,-1
1,2204,1
1,2205,0
1,2206,0
1,2207,11
1,2208,2
1,2209,3
1,2210,0
1,2211,0
1,2212,3
1,2213,0
1,2214,3
1,2215,-1
1,2216,0
1,2217,-1
1,2218,3
1,2219,0
1,2220,2
1,2221,0
1,2222,0
1,2223,0
1,2224,0
1,2225,0
1,2226,2
1,2227,-1
1,2228,0
1,2229,-1
1,2230,0
1,2231,-1
1,2232,2
1,2233,-1
1,2234,0
1,2235,0
1,2236,3
1,2237,0
1,2238,2
1,2239,-1
1,2240,-1
1,2241,2
1,2242,0
1,2243,2
1,2244,0
1,2245,-8
1,2246,11
1,2247,5
1,2248,0
1,2249,5
1,2250,5
1,2251,3
1,2252,0
1,2253,0
1,2254,0
1,2255,0
1,2256,0
1,2257,4
1,2258,0
1,2259,0
1,2260,2
1,2261,0
1,2262,0
1,2263,0
1,2264,-1
1,2265,-3
1,2266,0
1,2267,0
1,2268,0
1,2269,0
1,2270,0
1,2271,9
1,2272,2
1,2273,-1
1,2274,-1
1,2275,0
1,2276,0
1,2277,0
1,2278,-1
1,2279,-2
1,2280,0
1,2281,3
1,2282,0
1,2283,0
1,2284,3
1,2285,0
1,2286,0
1,2287,-1
1,2288,2
1,2289,0
1,2290,3
1,2291,-1
1,2292,0
1,2293,-1
1,2294,-1
1,2295,0
1,2296,0
1,2297,0
1,2298,1
1,2299,0
1,2300,-1
1,2301,-8
1,2302,6
1,2303,3
1,2304,-2
1,2305,0
1,2306,0
1,2307,0
1,2308,0
1,2309,0
1,2310,-4
1,2311,1
1,2312,2
1,2313,0
1,2314,-2
1,2315,2
1,2316,-2
1,2317,0
1,2318,0
1,2319,1
1,2320,3
1,2321,3
1,2322,-3
1,2323,2
1,2324,-4
1,2325,0
1,2326,0
1,2327,-2
1,2328,2
1,2329,0
1,2330,-2
1,2331,-2
1,2332,0
1,2333,0
1,2334,3
1,2335,1
1,2336,3
1,2337,0
1,2338,1
1,2339,0
1,2340,-6
1,2341,1
1,2342,4
1,2343,-3
1,2344,1
1,2345,0
1,2346,1
1,2347,-2
1,2348,8
1,2349,0
1,2350,-3
1,2351,2
1,2352,7
1,2353,0
1,2354,-2
1,2355,-4
1,2356,2
1,2357,0
1,2358,0
1,2359,2
1,2360,0
1,2361,1
1,2362,0
1,2363,0
1,2364,-5
1,2365,0
1,2366,6
1,2367,-6
1,2368,0
1,2369,2
1,2370,0
1,2371,-4
1,2372,-1
1,2373,-4
1,2374,1
1,2375,0
1,2376,3
1,2377,5
1,2378,4
1,2379,1
1,2380,-2
1,2381,0
1,2382,0
1,2383,1
1,2384,8
1,2385,0
1,2386,-6
1,2387,0
1,2388,-7
1,2389,3
1,2390,0
1,2391,3
1,2392,1
1,2393,-4
1,2394,3
1,2395,8
1,2396,2
1,2397,2
1,2398,0
1,2399,-11
1,2400,3
1,2401,-8
1,2402,-4
1,2403,3
1,2404,0
1,2405,-1
1,2406,2
1,2407,0
1,2408,0
1,2409,0
1,2410,-5
1,2411,-3
1,2412,0
1,2413,1
1,2414,0
1,2415,0
1,2416,0
1,2417,-3
1,2418,5
1,2419,0
1,2420,-6
1,2421,0
1,2422,-1
1,2423,2
1,2424,-1
1,2425,0
1,2426,3
1,2427,1
1,2428,-1
1,2429,-5
1,2430,0
1,2431,7
1,2432,1
1,2433,2
1,2434,3
1,2435,0
1,2436,2
1,2437,6
1,2438,0
1,2439,2
1,2440,-6
1,2441,0
1,2442,0
1,2443,0
1,2444,2
1,2445,2
1,2446,-4
1,2447,-4
1,2448,-4
1,2449,1
1,2450,0
1,2451,-3
1,2452,-7
1,2453,-3
1,2454,-7
1,2455,0
1,2456,0
1,2457,0
1,2458,-2
1,2459,0
1,2460,0
1,2461,6
1,2462,-2
1,2463,-2
1,2464,0
1,2465,1
1,2466,6
1,2467,0
1,2468,-2
1,2469,-1
1,2470,3
1,2471,0
1,2472,-4
1,2473,-1
1,2474,7
1,2475,0
1,2476,-3
1,2477,3
1,2478,-1
1,2479,0
1,2480,-1
1,2481,1
1,2482,0
1,2483,0
1,2484,1
1,2485,0
1,2486,3
1,2487,-2
1,2488,4
1,2489,0
1,2490,0
1,2491,2
1,2492,1
1,2493,2
1,2494,4
1,2495,3
1,2496,-3
1,2497,0
1,2498,-1
1,2499,0
1,2500,0
1,2501,0
1,2502,6
1,2503,-6
1,2504,-5
1,2505,2
1,2506,1
1,2507,0
1,2508,3
1,2509,1
1,2510,-3
1,2511,-3
1,2512,0
1,2513,0
1,2514,0
1,2515,-1
1,2516,0
1,2517,0
1,2518,0
1,2519,-2
1,2520,0
1,2521,-2
1,2522,3
1,2523,0
1,2524,3
1,2525,0
1,2526,3
1,2527,-3
1,2528,1
1,2529,1
1,2530,-3
1,2531,-4
1,2532,0
1,2533,1
1,2534,0
1,2535,4
1,2536,5
1,2537,-1
1,2538,0
1,2539,2
1,2540,1
1,2541,2
1,2542,2
1,2543,3
1,2544,0
1,2545,0
1,2546,-1
1,2547,0
1,2548,4
1,2549,0
1,2550,-3
1,2551,2
1,2552,1
1,2553,-2
1,2554,4
1,2555,-1
1,2556,0
1,2557,-3
1,2558,3
1,2559,0
1,2560,1
1,2561,3
1,2562,-1
1,2563,6
1,2564,1
1,2565,0
1,2566,-2
1,2567,0
1,2568,-1
1,2569,0
1,2570,0
1,2571,-2
1,2572,0
1,2573,7
1,2574,-3
1,2575,0
1,2576,2
1,2577,2
1,2578,3
1,2579,5
1,2580,2
1,2581,0
1,2582,0
1,2583,2
1,2584,-1
1,2585,-1
1,2586,3
1,2587,-1
1,2588,1
1,2589,1
1,2590,1
1,2591,4
1,2592,0
1,2593,-2
1,2594,0
1,2595,0
1,2596,5
1,2597,5
1,2598,-7
1,2599,0
1,2600,0
1,2601,0
1,2602,5
1,2603,-2
1,2604,1
1,2605,2
1,2606,-3
1,2607,0
1,2608,0
1,2609,2
1,2610,8
1,2611,-2
1,2612,2
1,2613,6
1,2614,0
1,2615,0
1,2616,-2
1,2617,0
1,2618,0
1,2619,2
1,2620,4
1,2621,2
1,2622,0
1,2623,0
1,2624,-2
1,2625,4
1,2626,3
1,2627,-1
1,2628,0
1,2629,0
1,2630,0
1,2631,0
1,2632,0
1,2633,4
1,2634,0
1,2635,3
1,2636,-3
1,2637,2
1,2638,0
1,2639,-8
1,2640,1
1,2641,0
1,2642,3
1,2643,-3
1,2644,0
1,2645,-8
1,2646,0
1,2647,0
1,2648,1
1,2649,0
1,2650,1
1,2651,5
1,2652,1
1,2653,0
1,2654,2
1,2655,-1
1,2656,-2
1,2657,-2
1,2658,0
1,2659,-1
1,2660,0
1,2661,2
1,2662,5
1,2663,3
1,2664,0
1,2665,0
1,2666,0
1,2667,0
1,2668,-6
1,2669,5
1,2670,-2
1,2671,-3
1,2672,2
1,2673,-3
1,2674,-4
1,2675,6
1,2676,5
1,2677,2
1,2678,-7
1,2679,0
1,2680,0
1,2681,-1
1,2682,-8
1,2683,0
1,2684,3
1,2685,0
1,2686,-7
1,2687,0
1,2688,1
1,2689,-4
1,2690,1
1,2691,0
1,2692,-3
1,2693,-6
1,2694,0
1,2695,0
1,2696,-3
1,2697,1
1,2698,1
1,2699,0
1,2700,0
1,2701,-5
1,2702,0
1,2703,2
1,2704,-4
1,2705,0
1,2706,-3
1,2707,-2
1,2708,0
1,2709,-7
1,2710,3
1,2711,2
1,2712,0
1,2713,0
1,2714,-1
1,2715,4
1,2716,0
1,2717,-4
1,2718,0
1,2719,3
1,2720,4
1,2721,1
1,2722,0
1,2723,-4
1,2724,-7
1,2725,2
1,2726,-2
1,2727,7
1,2728,-2
1,2729,3
1,2730,3
1,2731,1
1,2732,0
1,2733,0
1,2734,0
1,2735,3
1,2736,3
1,2737,1
1,2738,2
1,2739,1
1,2740,0
1,2741,0
1,2742,1
1,2743,0
1,2744,0
1,2745,0
1,2746,0
1,2747,2
1,2748,-5
1,2749,-3
1,2750,0
1,2751,0
1,2752,-2
1,2753,2
1,2754,-5
1,2755,0
1,2756,0
1,2757,-2
1,2758,-1
1,2759,0
1,2760,5
1,2761,-1
1,2762,2
1,2763,-2
1,2764,5
1,2765,3
1,2766,2
1,2767,3
1,2768,0
1,2769,0
1,2770,-3
1,2771,7
1,2772,0
1,2773,3
1,2774,1
1,2775,7
1,2776,-4
1,2777,0
1,2778,0
1,2779,6
1,2780,-1
1,2781,1
1,2782,4
1,2783,-3
1,2784,1
1,2785,-2
1,2786,-16
1,2787,2
1,2788,7
1,2789,-1
1,2790,0
1,2791,0
1,2792,0
1,2793,2
1,2794,3
1,2795,0
1,2796,5
1,2797,0
1,2798,2
1,2799,-3
1,2800,0
1,2801,0
1,2802,0
1,2803,-6
1,2804,0
1,2805,-7
1,2806,0
1,2807,0
1,2808,2
1,2809,-2
1,2810,-1
1,2811,2
1,2812,3
1,2813,0
1,2814,-2
1,2815,-2
1,2816,0
1,2817,-6
1,2818,-3
1,2819,0
1,2820,4
1,2821,0
1,2822,4
1,2823,0
1,2824,2
1,2825,-2
1,2826,0
1,2827,2
1,2828,0
1,2829,0
1,2830,0
1,2831,1
1,2832,0
1,2833,4
1,2834,-3
1,2835,1
1,2836,2
1,2837,2
1,2838,0
1,2839,-2
1,2840,0
1,2841,2
1,2842,3
1,2843,1
1,2844,1
1,2845,0
1,2846,0
1,2847,2
1,2848,0
1,2849,-7
1,2850,-1
1,2851,1
1,2852,3
1,2853,-10
1,2854,2
1,2855,-6
1,2856,-2
1,2857,-1
1,2858,0
1,2859,0
1,2860,0
1,2861,3
1,2862,-4
1,2863,-3
1,2864,-6
1,2865,0
1,2866,0
1,2867,-4
1,2868,-1
1,2869,1
1,2870,0
1,2871,-2
1,2872,0
1,2873,-3
1,2874,-8
1,2875,2
1,2876,1
1,2877,3
1,2878,2
1,2879,0
1,2880,0
1,2881,0
1,2882,0
1,2883,0
1,2884,0
1,2885,-5
1,2886,1
1,2887,6
1,2888,0
1,2889,3
1,2890,2
1,2891,-4
1,2892,-16
1,2893,0
1,2894,3
1,2895,2
1,2896,1
1,2897,3
1,2898,5
1,2899,0
1,2900,0
1,2901,-1
1,2902,4
1,2903,0
1,2904,-6
1,2905,0
1,2906,-2
1,2907,1
1,2908,-5
1,2909,0
1,2910,4
1,2911,0
1,2912,8
1,2913,-3
1,2914,1
1,2915,2
1,2916,2
1,2917,1
1,2918,0
1,2919,0
1,2920,-6
1,2921,6
1,2922,0
1,2923,-1
1,2924,-1
1,2925,-1
1,2926,-1
1,2927,0
1,2928,-2
1,2929,1
1,2930,1
1,2931,3
1,2932,-2
1,2933,2
1,2934,10
1,2935,2
1,2936,2
1,2937,2
1,2938,-1
1,2939,0
1,2940,2
1,2941,-2
1,2942,4
1,2943,0
1,2944,-1
1,2945,3
1,2946,4
1,2947,0
1,2948,-1
1,2949,2
1,2950,4
1,2951,-5
1,2952,-3
1,2953,4
1,2954,-1
1,2955,8
1,2956,-3
1,2957,2
1,2958,0
1,2959,0
1,2960,-14
1,2961,-4
1,2962,0
1,2963,5
1,2964,4
1,2965,1
1,2966,-2
1,2967,0
1,2968,0
1,2969,3
1,2970,1
1,2971,-6
1,2972,3
1,2973,-4
1,2974,-2
1,2975,1
1,2976,-4
1,2977,0
1,2978,6
1,2979,0
1,2980,1
1,2981,1
1,2982,2
1,2983,0
1,2984,0
1,2985,7
1,2986,1
1,2987,3
1,2988,-4
1,2989,-4
1,2990,0
1,2991,9
1,2992,1
1,2993,3
1,2994,-7
1,2995,-2
1,2996,3
1,2997,0
1,2998,1
1,2999,3
1,3000,0
1,3001,0
1,3002,1
1,3003,3
1,3004,1
1,3005,-4
1,3006,1
1,3007,1
1,3008,-1
1,3009,0
1,3010,0
1,3011,0
1,3012,0
1,3013,0
1,3014,0
1,3015,2
1,3016,0
1,3017,0
1,3018,-1
1,3019,0
1,3020,-2
1,3021,4
1,3022,0
1,3023,-6
1,3024,3
1,3025,2
1,3026,3
1,3027,-2
1,3028,-1
1,3029,3
1,3030,0
1,3031,0
1,3032,1
1,3033,1
1,3034,0
1,3035,-3
1,3036,-2
1,3037,-6
1,3038,2
1,3039,0
1,3040,14
1,3041,0
1,3042,-2
1,3043,0
1,3044,0
1,3045,0
1,3046,3
1,3047,-1
1,3048,-4
1,3049,0
1,3050,1
1,3051,0
1,3052,3
1,3053,3
1,3054,0
1,3055,3
1,3056,-4
1,3057,2
1,3058,-2
1,3059,2
1,3060,0
1,3061,0
1,3062,2
1,3063,0
1,3064,-3
1,3065,-1
1,3066,0
1,3067,0
1,3068,-1
1,3069,-2
1,3070,-2
1,3071,0
1,3072,-2
1,3073,1
1,3074,0
1,3075,2
1,3076,3
1,3077,0
1,3078,-2
1,3079,-3
1,3080,0
1,3081,1
1,3082,0
1,3083,-4
1,3084,2
1,3085,2
1,3086,-2
1,3087,-2
1,3088,2
1,3089,2
1,3090,0
1,3091,0
1,3092,2
1,3093,0
1,3094,-1
1,3095,0
1,3096,0
1,3097,2
1,3098,0
1,3099,2
1,3100,-5
1,3101,-1
1,3102,-1
1,3103,-1
1,3104,-1
1,3105,-1
1,3106,-1
1,3107,-1
1,3108,-1
1,3109,-1
1,3110,-1
1,3111,-1
1,3112,-1
1,3113,-1
1,3114,-1
1,3115,-1
1,3116,-1
1,3117,-1
1,3118,-1
1,3119,-1
1,3120,-1
1,3121,-1
1,3122,-1
1,3123,-1
1,3124,-1
1,3125,-1
1,3126,-1
1,3127,-1
1,3128,-1
1,3129,-1
1,3130,-1
1,3131,-1
1,3132,-1
1,3133,-1
1,3134,-1
1,3135,-1
1,3136,2
1,3137,1
1,3138,-3
1,3139,-2
1,3140,0
1,3141,-8
1,3142,0
1,3143,-2
1,3144,1
1,3145,2
1,3146,0
1,3147,-2
1,3148,0
1,3149,1
1,3150,0
1,3151,-3
1,3152,0
1,3153,0
1,3154,0
1,3155,0
1,3156,0
1,3157,-2
1,3158,0
1,3159,0
1,3160,0
1,3161,0
1,3162,1
1,3163,-2
1,3164,-2
1,3165,2
1,3166,-2
1,3167,1
1,3168,0
1,3169,1
1,3170,0
1,3171,1
1,3172,9
1,3173,-3
1,3174,0
1,3175,0
1,3176,0
1,3177,1
1,3178,-6
1,3179,-1
1,3180,4
1,3181,3
1,3182,1
1,3183,8
1,3184,0
1,3185,-1
1,3186,4
1,3187,1
1,3188,0
1,3189,2
1,3190,2
1,3191,0
1,3192,1
1,3193,0
1,3194,-6
1,3195,0
1,3196,1
1,3197,2
1,3198,2
1,3199,0
1,3200,0
1,3201,0
1,3202,-2
1,3203,2
1,3204,1
1,3205,0
1,3206,-1
1,3207,0
1,3208,0
1,3209,0
1,3210,1
1,3211,0
1,3212,0
1,3213,0
1,3214,1
1,3215,0
1,3216,3
1,3217,0
1,3218,2
1,3219,3
1,3220,2
1,3221,-1
1,3222,0
1,3223,0
1,3224,2
1,3225,0
1,3226,0
1,3227,2
1,3228,0
1,3229,6
1,3230,-6
1,3231,0
1,3232,3
1,3233,2
1,3234,12
1,3235,0
1,3236,-3
1,3237,3
1,3238,-1
1,3239,9
1,3240,-1
1,3241,-2
1,3242,0
1,3243,0
1,3244,0
1,3245,-8
1,3246,0
1,3247,-7
1,3248,0
1,3249,-3
1,3250,11
1,3251,1
1,3252,1
1,3253,-2
1,3254,0
1,3255,1
1,3256,3
1,3257,3
1,3258,0
1,3259,5
1,3260,0
1,3261,-2
1,3262,-2
1,3263,6
1,3264,-1
1,3265,-2
1,3266,2
1,3267,-1
1,3268,-1
1,3269,2
1,3270,-4
1,3271,1
1,3272,4
1,3273,-1
1,3274,-2
1,3275,1
1,3276,6
1,3277,3
1,3278,-2
1,3279,3
1,3280,4
1,3281,1
1,3282,-4
1,3283,-3
1,3284,0
1,3285,-3
1,3286,0
1,3287,3
1,3288,3
1,3289,5
1,3290,0
1,3291,1
1,3292,-1
1,3293,0
1,3294,3
1,3295,-3
1,3296,0
1,3297,0
1,3298,5
1,3299,4
1,3300,-3
1,3301,1
1,3302,3
1,3303,0
1,3304,-1
1,3305,0
1,3306,4
1,3307,0
1,3308,0
1,3309,2
1,3310,5
1,3311,0
1,3312,1
1,3313,2
1,3314,4
1,3315,0
1,3316,3
1,3317,-1
1,3318,2
1,3319,6
1,3320,-2
1,3321,2
1,3322,0
1,3323,1
1,3324,0
1,3325,-2
1,3326,5
1,3327,4
1,3328,0
1,3329,1
1,3330,6
1,3331,2
1,3332,-2
1,3333,-7
1,3334,-5
1,3335,-5
1,3336,-4
1,3337,-2
1,3338,-10
1,3339,4
1,3340,-2
1,3341,0
1,3342,0
1,3343,0
1,3344,-2
1,3345,1
1,3346,6
1,3347,-2
1,3348,0
1,3349,0
1,3350,-12
1,3351,0
1,3352,3
1,3353,2
1,3354,-3
1,3355,0
1,3356,0
1,3357,0
1,3358,2
1,3359,0
1,3360,0
1,3361,-2
1,3362,2
1,3363,6
1,3364,-1
1,3365,4
1,3366,-1
1,3367,3
1,3368,-3
1,3369,0
1,3370,2
1,3371,-6
1,3372,0
1,3373,0
1,3374,2
1,3375,-2
1,3376,-5
1,3377,1
1,3378,0
1,3379,-6
1,3380,0
1,3381,2
1,3382,-4
1,3383,0
1,3384,-6
1,3385,-1
1,3386,4
1,3387,0
1,3388,4
1,3389,2
1,3390,3
1,3391,0
1,3392,0
1,3393,-6
1,3394,0
1,3395,1
1,3396,3
1,3397,4
1,3398,0
1,3399,0
1,3400,2
1,3401,-3
1,3402,0
1,3403,0
1,3404,3
1,3405,0
1,3406,2
1,3407,0
1,3408,0
1,3409,0
1,3410,-2
1,3411,2
1,3412,2
1,3413,-2
1,3414,0
1,3415,-2
1,3416,4
1,3417,-1
1,3418,0
1,3419,1
1,3420,2
1,3421,0
1,3422,3
1,3423,-3
1,3424,3
1,3425,1
1,3426,-1
1,3427,1
1,3428,-2
1,3429,2
1,3430,1
1,3431,-4
1,3432,7
1,3433,0
1,3434,-2
1,3435,0
1,3436,-3
1,3437,-5
1,3438,0
1,3439,2
1,3440,0
1,3441,3
1,3442,-1
1,3443,-4
1,3444,0
1,3445,1
1,3446,0
1,3447,0
1,3448,-1
1,3449,2
1,3450,0
1,3451,-3
1,3452,-2
1,3453,5
1,3454,2
1,3455,-5
1,3456,0
1,3457,0
1,3458,1
1,3459,-4
1,3460,4
1,3461,0
1,3462,-3
1,3463,1
1,3464,3
1,3465,0
1,3466,2
1,3467,2
1,3468,0
1,3469,0
1,3470,1
1,3471,0
1,3472,2
1,3473,-6
1,3474,1
1,3475,5
1,3476,0
1,3477,1
1,3478,0
1,3479,0
1,3480,-4
1,3481,6
1,3482,-2
1,3483,2
1,3484,-1
1,3485,0
1,3486,0
1,3487,0
1,3488,1
1,3489,1
1,3490,0
1,3491,-1
1,3492,-5
1,3493,3
1,3494,2
1,3495,1
1,3496,0
1,3497,5
1,3498,1
1,3499,-2
1,3500,4
1,3501,0
1,3502,0
1,3503,0
1,3504,0
1,3505,0
1,3506,0
1,3507,0
1,3508,0
1,3509,2
1,3510,0
1,3511,-1
1,3512,1
1,3513,-1
1,3514,-1
1,3515,1
1,3516,2
1,3517,-1
1,3518,-1
1,3519,0
1,3520,-1
1,3521,0
1,3522,-1
1,3523,0
1,3524,0
1,3525,0
1,3526,0
1,3527,3
1,3528,0
1,3529,0
1,3530,0
1,3531,0
1,3532,3
1,3533,-1
1,3534,0
1,3535,8
1,3536,4
1,3537,0
1,3538,2
1,3539,0
1,3540,0
1,3541,3
1,3542,3
1,3543,0
1,3544,-3
1,3545,0
1,3546,2
1,3547,0
1,3548,-1
1,3549,-1
1,3550,-1
1,3551,0
1,3552,3
1,3553,0
1,3554,0
1,3555,0
1,3556,0
1,3557,0
1,3558,0
1,3559,0
1,3560,-5
1,3561,-1
1,3562,0
1,3563,0
1,3564,0
1,3565,0
1,3566,-5
1,3567,0
1,3568,0
1,3569,3
1,3570,3
1,3571,0
1,3572,6
1,3573,1
1,3574,0
1,3575,0
1,3576,0
1,3577,0
1,3578,0
1,3579,0
1,3580,0
1,3581,6
1,3582,-1
1,3583,-5
1,3584,0
1,3585,3
1,3586,0
1,3587,3
1,3588,0
1,3589,0
1,3590,0
1,3591,-1
1,3592,0
1,3593,0
1,3594,0
1,3595,0
1,3596,4
1,3597,-1
1,3598,0
1,3599,0
1,3600,-5
1,3601,-5
1,3602,9
1,3603,0
1,3604,1
1,3605,-2
1,3606,4
1,3607,2
1,3608,1
1,3609,0
1,3610,0
1,3611,4
1,3612,0
1,3613,2
1,3614,0
1,3615,0
1,3616,0
1,3617,-2
1,3618,3
1,3619,2
1,3620,0
1,3621,-4
1,3622,4
1,3623,-3
1,3624,-3
1,3625,2
1,3626,5
1,3627,0
1,3628,3
1,3629,0
1,3630,-2
1,3631,2
1,3632,0
1,3633,-2
1,3634,0
1,3635,2
1,3636,3
1,3637,3
1,3638,0
1,3639,1
1,3640,6
1,3641,0
1,3642,-2
1,3643,-5
1,3644,0
1,3645,-7
1,3646,3
1,3647,-1
1,3648,4
1,3649,8
1,3650,0
1,3651,0
1,3652,0
1,3653,0
1,3654,-3
1,3655,-3
1,3656,0
1,3657,0
1,3658,3
1,3659,-3
1,3660,0
1,3661,0
1,3662,0
1,3663,0
1,3664,-3
1,3665,-5
1,3666,0
1,3667,0
1,3668,-3
1,3669,0
1,3670,3
1,3671,-3
1,3672,5
1,3673,0
1,3674,0
1,3675,3
1,3676,-1
1,3677,1
1,3678,0
1,3679,3
1,3680,1
1,3681,7
1,3682,0
1,3683,0
1,3684,0
1,3685,0
1,3686,-2
1,3687,0
1,3688,2
1,3689,-1
1,3690,4
1,3691,0
1,3692,0
1,3693,0
1,3694,2
1,3695,3
1,3696,0
1,3697,-3
1,3698,0
1,3699,-6
1,3700,1
1,3701,-2
1,3702,-1
1,3703,8
1,3704,-1
1,3705,1
1,3706,-7
1,3707,-3
1,3708,0
1,3709,0
1,3710,0
1,3711,1
1,3712,0
1,3713,0
1,3714,2
1,3715,-4
1,3716,5
1,3717,0
1,3718,8
1,3719,0
1,3720,0
1,3721,3
1,3722,-3
1,3723,-1
1,3724,0
1,3725,1
1,3726,-2
1,3727,4
1,3728,3
1,3729,2
1,3730,2
1,3731,1
1,3732,4
1,3733,0
1,3734,0
1,3735,0
1,3736,-3
1,3737,0
1,3738,0
1,3739,-3
1,3740,-4
1,3741,0
1,3742,-3
1,3743,-2
1,3744,5
1,3745,0
1,3746,5
1,3747,0
1,3748,0
1,3749,-6
1,3750,-1
1,3751,-7
1,3752,0
1,3753,2
1,3754,-4
1,3755,-2
1,3756,0
1,3757,2
1,3758,0
1,3759,0
1,3760,-2
1,3761,-2
1,3762,5
1,3763,-7
1,3764,-5
1,3765,-2
1,3766,-1
1,3767,1
1,3768,2
1,3769,-1
1,3770,2
1,3771,-2
1,3772,0
1,3773,0
1,3774,2
1,3775,0
1,3776,-2
1,3777,-7
1,3778,0
1,3779,-2
1,3780,3
1,3781,0
1,3782,-3
1,3783,3
1,3784,0
1,3785,3
1,3786,0
1,3787,0
1,3788,0
1,3789,-5
1,3790,-2
1,3791,3
1,3792,0
1,3793,-1
1,3794,0
1,3795,0
1,3796,0
1,3797,3
1,3798,2
1,3799,-1
1,3800,-2
1,3801,2
1,3802,-2
1,3803,0
1,3804,3
1,3805,-2
1,3806,-3
1,3807,-1
1,3808,2
1,3809,0
1,3810,3
1,3811,-2
1,3812,1
1,3813,0
1,3814,-2
1,3815,1
1,3816,0
1,3817,0
1,3818,0
1,3819,-4
1,3820,3
1,3821,-3
1,3822,0
1,3823,2
1,3824,-3
1,3825,0
1,3826,-4
1,3827,0
1,3828,4
1,3829,2
1,3830,1
1,3831,0
1,3832,2
1,3833,1
1,3834,0
1,3835,0
1,3836,5
1,3837,4
1,3838,-6
1,3839,5
1,3840,4
1,3841,-4
1,3842,5
1,3843,-3
1,3844,0
1,3845,-2
1,3846,-4
1,3847,3
1,3848,1
1,3849,4
1,3850,0
1,3851,2
1,3852,2
1,3853,0
1,3854,5
1,3855,0
1,3856,0
1,3857,0
1,3858,-2
1,3859,0
1,3860,0
1,3861,0
1,3862,3
1,3863,0
1,3864,-2
1,3865,0
1,3866,0
1,3867,1
1,3868,0
1,3869,0
1,3870,1
1,3871,-2
1,3872,-3
1,3873,0
1,3874,0
1,3875,-7
1,3876,0
1,3877,3
1,3878,3
1,3879,-1
1,3880,-1
1,3881,-1
1,3882,-6
1,3883,-2
1,3884,-4
1,3885,0
1,3886,0
1,3887,-2
1,3888,1
1,3889,-5
1,3890,0
1,3891,3
1,3892,3
1,3893,0
1,3894,1
1,3895,1
1,3896,2
1,3897,5
1,3898,6
1,3899,1
1,3900,7
1,3901,2
1,3902,4
1,3903,-6
1,3904,1
1,3905,-2
1,3906,-4
1,3907,-8
1,3908,-1
1,3909,-2
1,3910,0
1,3911,0
1,3912,-2
1,3913,4
1,3914,2
1,3915,2
1,3916,1
1,3917,0
1,3918,0
1,3919,0
1,3920,-1
1,3921,-3
1,3922,1
1,3923,0
1,3924,1
1,3925,0
1,3926,0
1,3927,-1
1,3928,-4
1,3929,4
1,3930,2
1,3931,-8
1,3932,-1
1,3933,-1
1,3934,-6
1,3935,3
1,3936,4
1,3937,3
1,3938,3
1,3939,-6
1,3940,0
1,3941,4
1,3942,-5
1,3943,0
1,3944,3
1,3945,0
1,3946,-2
1,3947,-4
1,3948,4
1,3949,0
1,3950,2
1,3951,-9
1,3952,-2
1,3953,-2
1,3954,-7
1,3955,7
1,3956,0
1,3957,0
1,3958,0
1,3959,1
1,3960,0
1,3961,0
1,3962,4
1,3963,-4
1,3964,1
1,3965,1
1,3966,-4
1,3967,2
1,3968,-2
1,3969,0
1,3970,1
1,3971,3
1,3972,-1
1,3973,0
1,3974,-3
1,3975,-1
1,3976,5
1,3977,-1
1,3978,0
1,3979,-4
1,3980,0
1,3981,1
1,3982,5
1,3983,0
1,3984,2
1,3985,6
1,3986,3
1,3987,0
1,3988,0
1,3989,0
1,3990,6
1,3991,0
1,3992,0
1,3993,-3
1,3994,-4
1,3995,-4
1,3996,-3
1,3997,-4
1,3998,1
1,3999,-1
1,4000,-1
1,4001,5
1,4002,-1
1,4003,0
1,4004,-5
1,4005,0
1,4006,0
1,4007,4
1,4008,2
1,4009,2
1,4010,0
1,4011,-2
1,4012,2
1,4013,4
1,4014,0
1,4015,2
1,4016,-2
1,4017,4
1,4018,-2
1,4019,4
1,4020,2
1,4021,0
1,4022,2
1,4023,0
1,4024,1
1,4025,3
1,4026,0
1,4027,-2
1,4028,0
1,4029,2
1,4030,2
1,4031,0
1,4032,1
1,4033,0
1,4034,4
1,4035,3
1,4036,-4
1,4037,0
1,4038,6
1,4039,0
1,4040,6
1,4041,0
1,4042,0
1,4043,7
1,4044,-2
1,4045,1
1,4046,1
1,4047,0
1,4048,0
1,4049,4
1,4050,-3
1,4051,3
1,4052,-1
1,4053,2
1,4054,0
1,4055,0
1,4056,-4
1,4057,-2
1,4058,-6
1,4059,0
1,4060,-2
1,4061,0
1,4062,0
1,4063,3
1,4064,5
1,4065,4
1,4066,-2
1,4067,-5
1,4068,6
1,4069,2
1,4070,-8
1,4071,5
1,4072,-6
1,4073,-1
1,4074,0
1,4075,0
1,4076,0
1,4077,1
1,4078,1
1,4079,0
1,4080,0
1,4081,1
1,4082,0
1,4083,2
1,4084,0
1,4085,0
1,4086,-4
1,4087,2
1,4088,2
1,4089,-4
1,4090,-4
1,4091,2
1,4092,6
1,4093,0
1,4094,0
1,4095,2
1,4096,-3
1,4097,0
1,4098,0
1,4099,2
1,4100,-1
1,4101,5
1,4102,-1
1,4103,0
1,4104,-5
1,4105,0
1,4106,0
1,4107,4
1,4108,2
1,4109,2
1,4110,0
1,4111,-2
1,4112,2
1,4113,4
1,4114,0
1,4115,2
1,4116,-2
1,4117,4
1,4118,-2
1,4119,4
1,4120,2
1,4121,0
1,4122,2
1,4123,0
1,4124,1
1,4125,3
1,4126,0
1,4127,-2
1,4128,0
1,4129,2
1,4130,2
1,4131,0
1,4132,1
1,4133,0
1,4134,4
1,4135,3
1,4136,-4
1,4137,0
1,4138,6
1,4139,0
1,4140,6
1,4141,0
1,4142,0
1,4143,7
1,4144,-2
1,4145,1
1,4146,1
1,4147,0
1,4148,0
1,4149,4
1,4150,-3
1,4151,3
1,4152,-1
1,4153,2
1,4154,0
1,4155,0
1,4156,-4
1,4157,-2
1,4158,-6
1,4159,0
1,4160,-2
1,4161,0
1,4162,0
1,4163,3
1,4164,5
1,4165,4
1,4166,-2
1,4167,-5
1,4168,6
1,4169,2
1,4170,-8
1,4171,5
1,4172,-6
1,4173,-1
1,4174,0
1,4175,0
1,4176,0
1,4177,1
1,4178,1
1,4179,0
1,4180,0
1,4181,1
1,4182,0
1,4183,2
1,4184,0
1,4185,0
1,4186,-4
1,4187,2
1,4188,2
1,4189,-4
1,4190,-4
1,4191,2
1,4192,6
1,4193,0
1,4194,0
1,4195,2
1,4196,-3
1,4197,0
1,4198,0
1,4199,2
1,4200,3
1,4201,-5
1,4202,12
1,4203,-3
1,4204,0
1,4205,1
1,4206,0
1,4207,2
1,4208,2
1,4209,3
1,4210,2
1,4211,0
1,4212,1
1,4213,0
1,4214,4
1,4215,4
1,4216,4
1,4217,0
1,4218,0
1,4219,6
1,4220,0
1,4221,5
1,4222,2
1,4223,4
1,4224,0
1,4225,2
1,4226,1
1,4227,-4
1,4228,6
1,4229,0
1,4230,-4
1,4231,3
1,4232,2
1,4233,-3
1,4234,-1
1,4235,2
1,4236,-2
1,4237,2
1,4238,2
1,4239,5
1,4240,0
1,4241,0
1,4242,2
1,4243,0
1,4244,2
1,4245,0
1,4246,0
1,4247,5
1,4248,0
1,4249,0
1,4250,1
1,4251,0
1,4252,4
1,4253,-3
1,4254,2
1,4255,-3
1,4256,-3
1,4257,1
1,4258,0
1,4259,-3
1,4260,-3
1,4261,-3
1,4262,-3
1,4263,-4
1,4264,-3
1,4265,5
1,4266,4
1,4267,4
1,4268,0
1,4269,4
1,4270,0
1,4271,0
1,4272,3
1,4273,4
1,4274,-2
1,4275,-2
1,4276,4
1,4277,2
1,4278,0
1,4279,6
1,4280,0
1,4281,1
1,4282,3
1,4283,1
1,4284,12
1,4285,0
1,4286,-1
1,4287,-2
1,4288,5
1,4289,-4
1,4290,0
1,4291,1
1,4292,3
1,4293,2
1,4294,0
1,4295,-3
1,4296,1
1,4297,1
1,4298,-2
1,4299,2
1,4300,3
1,4301,4
1,4302,2
1,4303,0
1,4304,0
1,4305,2
1,4306,1
1,4307,7
1,4308,4
1,4309,4
1,4310,5
1,4311,-2
1,4312,5
1,4313,1
1,4314,0
1,4315,2
1,4316,-1
1,4317,-6
1,4318,-1
1,4319,0
1,4320,0
1,4321,0
1,4322,-1
1,4323,-9
1,4324,-3
1,4325,4
1,4326,4
1,4327,4
1,4328,4
1,4329,4
1,4330,4
1,4331,3
1,4332,4
1,4333,-3
1,4334,4
1,4335,2
1,4336,-4
1,4337,2
1,4338,4
1,4339,6
1,4340,0
1,4341,2
1,4342,6
1,4343,-1
1,4344,2
1,4345,0
1,4346,-1
1,4347,1
1,4348,0
1,4349,-1
1,4350,0
1,4351,1
1,4352,0
1,4353,4
1,4354,6
1,4355,0
1,4356,2
1,4357,0
1,4358,4
1,4359,4
1,4360,2
1,4361,4
1,4362,1
1,4363,5
1,4364,0
1,4365,7
1,4366,-6
1,4367,0
1,4368,4
1,4369,2
1,4370,0
1,4371,4
1,4372,3
1,4373,-2
1,4374,8
1,4375,4
1,4376,2
1,4377,3
1,4378,0
1,4379,-3
1,4380,3
1,4381,3
1,4382,-2
1,4383,-1
1,4384,1
1,4385,7
1,4386,4
1,4387,3
1,4388,-2
1,4389,-3
1,4390,0
1,4391,4
1,4392,-2
1,4393,2
1,4394,4
1,4395,3
1,4396,-1
1,4397,4
1,4398,3
1,4399,0
1,4400,2
1,4401,6
1,4402,-1
1,4403,2
1,4404,0
1,4405,-1
1,4406,1
1,4407,0
1,4408,-1
1,4409,0
1,4410,1
1,4411,0
1,4412,4
1,4413,6
1,4414,0
1,4415,2
1,4416,0
1,4417,4
1,4418,4
1,4419,2
1,4420,4
1,4421,1
1,4422,5
1,4423,0
1,4424,7
1,4425,-6
1,4426,0
1,4427,4
1,4428,2
1,4429,0
1,4430,4
1,4431,3
1,4432,-2
1,4433,8
1,4434,4
1,4435,2
1,4436,3
1,4437,0
1,4438,-3
1,4439,3
1,4440,3
1,4441,-2
1,4442,-1
1,4443,1
1,4444,7
1,4445,4
1,4446,3
1,4447,-2
1,4448,-3
1,4449,0
1,4450,4
1,4451,-2
1,4452,2
1,4453,4
1,4454,3
1,4455,-1
1,4456,4
1,4457,3
1,4458,0
1,4459,3
1,4460,-3
1,4461,0
1,4462,0
1,4463,-2
1,4464,1
1,4465,4
1,4466,1
1,4467,-4
1,4468,4
1,4469,3
1,4470,-2
1,4471,-4
1,4472,-2
1,4473,0
1,4474,0
1,4475,2
1,4476,0
1,4477,0
1,4478,5
1,4479,-4
1,4480,4
1,4481,4
1,4482,0
1,4483,2
1,4484,2
1,4485,0
1,4486,4
1,4487,2
1,4488,0
1,4489,-6
1,4490,6
1,4491,1
1,4492,0
1,4493,1
1,4494,1
1,4495,0
1,4496,2
1,4497,4
1,4498,0
1,4499,1
1,4500,4
1,4501,1
1,4502,0
1,4503,0
1,4504,3
1,4505,2
1,4506,-2
1,4507,3
1,4508,0
1,4509,0
1,4510,0
1,4511,0
1,4512,3
1,4513,-1
1,4514,0
1,4515,0
1,4516,3
1,4517,2
1,4518,0
1,4519,-2
1,4520,3
1,4521,0
1,4522,-5
1,4523,0
1,4524,3
1,4525,-2
1,4526,0
1,4527,2
1,4528,-2
1,4529,0
1,4530,0
1,4531,3
1,4532,-1
1,4533,0
1,4534,-4
1,4535,1
1,4536,12
1,4537,3
1,4538,-2
1,4539,3
1,4540,0
1,4541,0
1,4542,-10
1,4543,0
1,4544,3
1,4545,0
1,4546,3
1,4547,5
1,4548,4
1,4549,3
1,4550,-2
1,4551,10
1,4552,0
1,4553,3
1,4554,0
1,4555,1
1,4556,0
1,4557,5
1,4558,1
1,4559,5
1,4560,3
1,4561,0
1,4562,1
1,4563,0
1,4564,3
1,4565,0
1,4566,-5
1,4567,0
1,4568,0
1,4569,0
1,4570,3
1,4571,-2
1,4572,0
1,4573,2
1,4574,0
1,4575,6
1,4576,2
1,4577,0
1,4578,-4
1,4579,3
1,4580,1
1,4581,-1
1,4582,3
1,4583,-5
1,4584,4
1,4585,3
1,4586,3
1,4587,0
1,4588,0
1,4589,2
1,4590,0
1,4591,-4
1,4592,1
1,4593,-1
1,4594,1
1,4595,-1
1,4596,-1
1,4597,2
1,4598,3
1,4599,1
1,4600,2
1,4601,4
1,4602,2
1,4603,3
1,4604,-1
1,4605,-3
1,4606,-1
1,4607,7
1,4608,5
1,4609,0
1,4610,9
1,4611,2
1,4612,0
1,4613,0
1,4614,0
1,4615,0
1,4616,-5
1,4617,3
1,4618,1
1,4619,2
1,4620,2
1,4621,1
1,4622,7
1,4623,3
1,4624,3
1,4625,-2
1,4626,1
1,4627,1
1,4628,1
1,4629,2
1,4630,1
1,4631,0
1,4632,2
1,4633,-6
1,4634,0
1,4635,0
1,4636,7
1,4637,1
1,4638,0
1,4639,0
1,4640,0
1,4641,6
1,4642,-2
1,4643,0
1,4644,0
1,4645,-2
1,4646,0
1,4647,1
1,4648,-2
1,4649,1
1,4650,0
1,4651,3
1,4652,0
1,4653,7
1,4654,-3
1,4655,2
1,4656,2
1,4657,0
1,4658,-7
1,4659,0
1,4660,0
1,4661,-3
1,4662,-1
1,4663,5
1,4664,0
1,4665,-3
1,4666,0
1,4667,0
1,4668,2
1,4669,-1
1,4670,-2
1,4671,0
1,4672,2
1,4673,1
1,4674,2
1,4675,-2
1,4676,-8
1,4677,0
1,4678,-3
1,4679,0
1,4680,-4
1,4681,2
1,4682,-2
1,4683,0
1,4684,-2
1,4685,-3
1,4686,0
1,4687,5
1,4688,3
1,4689,4
1,4690,0
1,4691,-2
1,4692,2
1,4693,0
1,4694,2
1,4695,-4
1,4696,1
1,4697,5
1,4698,1
1,4699,-3
1,4700,-2
1,4701,0
1,4702,5
1,4703,2
1,4704,0
1,4705,0
1,4706,2
1,4707,5
1,4708,0
1,4709,0
1,4710,3
1,4711,0
1,4712,-7
1,4713,-2
1,4714,2
1,4715,-3
1,4716,-3
1,4717,3
1,4718,0
1,4719,0
1,4720,0
1,4721,2
1,4722,2
1,4723,0
1,4724,-2
1,4725,3
1,4726,-1
1,4727,0
1,4728,0
1,4729,2
1,4730,1
1,4731,0
1,4732,0
1,4733,-2
1,4734,4
1,4735,0
1,4736,0
1,4737,0
1,4738,5
1,4739,0
1,4740,0
1,4741,3
1,4742,3
1,4743,3
1,4744,0
1,4745,1
1,4746,0
1,4747,5
1,4748,-3
1,4749,3
1,4750,0
1,4751,0
1,4752,-3
1,4753,-3
1,4754,0
1,4755,0
1,4756,2
1,4757,0
1,4758,2
1,4759,1
1,4760,4
1,4761,1
1,4762,0
1,4763,-3
1,4764,-2
1,4765,4
1,4766,10
1,4767,1
1,4768,-3
1,4769,0
1,4770,10
1,4771,0
1,4772,1
1,4773,0
1,4774,3
1,4775,2
1,4776,0
1,4777,-3
1,4778,4
1,4779,3
1,4780,0
1,4781,0
1,4782,2
1,4783,-2
1,4784,-5
1,4785,-6
1,4786,0
1,4787,-3
1,4788,1
1,4789,0
1,4790,1
1,4791,-1
1,4792,3
1,4793,0
1,4794,1
1,4795,0
1,4796,2
1,4797,3
1,4798,3
1,4799,1
1,4800,3
1,4801,0
1,4802,0
1,4803,0
1,4804,0
1,4805,0
1,4806,-1
1,4807,0
1,4808,4
1,4809,-4
1,4810,0
1,4811,0
1,4812,0
1,4813,-1
1,4814,0
1,4815,1
1,4816,0
1,4817,0
1,4818,0
1,4819,0
1,4820,0
1,4821,0
1,4822,0
1,4823,-7
1,4824,0
1,4825,0
1,4826,0
1,4827,0
1,4828,-1
1,4829,0
1,4830,0
1,4831,0
1,4832,8
1,4833,0
1,4834,0
1,4835,0
1,4836,0
1,4837,3
1,4838,0
1,4839,0
1,4840,0
1,4841,-1
1,4842,0
1,4843,0
1,4844,2
1,4845,3
1,4846,0
1,4847,-1
1,4848,-2
1,4849,0
1,4850,-2
1,4851,-2
1,4852,-2
1,4853,0
1,4854,2
1,4855,-3
1,4856,0
1,4857,3
1,4858,0
1,4859,2
1,4860,0
1,4861,0
1,4862,2
1,4863,0
1,4864,6
1,4865,0
1,4866,-2
1,4867,2
1,4868,0
1,4869,2
1,4870,0
1,4871,1
1,4872,0
1,4873,-2
1,4874,0
1,4875,0
1,4876,0
1,4877,-2
1,4878,0
1,4879,0
1,4880,-2
1,4881,-2
1,4882,3
1,4883,4
1,4884,0
1,4885,0
1,4886,0
1,4887,0
1,4888,0
1,4889,0
1,4890,-7
1,4891,0
1,4892,0
1,4893,0
1,4894,0
1,4895,-1
1,4896,0
1,4897,0
1,4898,0
1,4899,8
1,4900,0
1,4901,0
1,4902,0
1,4903,0
1,4904,3
1,4905,0
1,4906,0
1,4907,0
1,4908,-1
1,4909,0
1,4910,0
1,4911,2
1,4912,3
1,4913,0
1,4914,-1
1,4915,-2
1,4916,0
1,4917,-2
1,4918,-2
1,4919,-2
1,4920,0
1,4921,2
1,4922,-3
1,4923,0
1,4924,3
1,4925,0
1,4926,2
1,4927,0
1,4928,0
1,4929,2
1,4930,0
1,4931,6
1,4932,0
1,4933,-2
1,4934,2
1,4935,0
1,4936,2
1,4937,0
1,4938,1
1,4939,0
1,4940,-2
1,4941,0
1,4942,0
1,4943,0
1,4944,-2
1,4945,0
1,4946,0
1,4947,-2
1,4948,-2
1,4949,3
1,4950,4
1,4951,0
1,4952,2
1,4953,3
1,4954,0
1,4955,0
1,4956,-3
1,4957,-3
1,4958,3
1,4959,0
1,4960,-3
1,4961,0
1,4962,0
1,4963,0
1,4964,3
1,4965,-2
1,4966,0
1,4967,6
1,4968,1
1,4969,0
1,4970,-1
1,4971,1
1,4972,0
1,4973,3
1,4974,0
1,4975,-2
1,4976,0
1,4977,2
1,4978,3
1,4979,4
1,4980,2
1,4981,-2
1,4982,0
1,4983,-5
1,4984,8
1,4985,1
1,4986,0
1,4987,0
1,4988,-2
1,4989,0
1,4990,0
1,4991,0
1,4992,0
1,4993,0
1,4994,-2
1,4995,2
1,4996,-1
1,4997,3
1,4998,0
1,4999,2
1,5000,6
1,5001,0
1,5002,-4
1,5003,0
1,5004,4
1,5005,-1
1,5006,12
1,5007,2
1,5008,0
1,5009,5
1,5010,0
1,5011,0
1,5012,0
1,5013,2
1,5014,0
1,5015,0
1,5016,0
1,5017,0
1,5018,0
1,5019,2
1,5020,0
1,5021,-4
1,5022,1
1,5023,3
1,5024,3
1,5025,0
1,5026,0
1,5027,0
1,5028,2
1,5029,2
1,5030,0
1,5031,3
1,5032,0
1,5033,0
1,5034,0
1,5035,0
1,5036,0
1,5037,0
1,5038,0
1,5039,0
1,5040,3
1,5041,2
1,5042,0
1,5043,3
1,5044,0
1,5045,0
1,5046,0
1,5047,0
1,5048,0
1,5049,-1
1,5050,0
1,5051,2
1,5052,1
1,5053,1
1,5054,1
1,5055,-2
1,5056,14
1,5057,0
1,5058,0
1,5059,0
1,5060,-2
1,5061,0
1,5062,5
1,5063,4
1,5064,0
1,5065,-2
1,5066,1
1,5067,3
1,5068,1
1,5069,2
1,5070,-2
1,5071,-1
1,5072,-1
1,5073,-1
1,5074,-1
1,5075,-1
1,5076,-1
1,5077,-1
1,5078,-1
1,5079,-1
1,5080,-4
1,5081,-1
1,5082,-2
1,5083,-2
1,5084,-1
1,5085,-1
1,5086,-3
1,5087,-1
1,5088,-4
1,5089,-1
1,5090,1
1,5091,0
1,5092,-1
1,5093,-4
1,5094,4
1,5095,-3
1,5096,0
1,5097,0
1,5098,-2
1,5099,0
1,5100,-3
1,5101,-1
1,5102,0
1,5103,-1
1,5104,-2
1,5105,-9
1,5106,-1
1,5107,0
1,5108,0
1,5109,-4
1,5110,-1
1,5111,-1
1,5112,-9
1,5113,-2
1,5114,-4
1,5115,-2
1,5116,-1
1,5117,-1
1,5118,-2
1,5119,-2
1,5120,-2
1,5121,-6
1,5122,-1
1,5123,-2
1,5124,-4
1,5125,-4
1,5126,-4
1,5127,-2
1,5128,0
1,5129,-1
1,5130,-1
1,5131,-4
1,5132,-2
1,5133,2
1,5134,-1
1,5135,-1
1,5136,-6
1,5137,-10
1,5138,-1
1,5139,-1
1,5140,-2
1,5141,-2
1,5142,-4
1,5143,-2
1,5144,0
1,5145,-1
1,5146,0
1,5147,-3
1,5148,-1
1,5149,-1
1,5150,5
1,5151,-2
1,5152,-5
1,5153,-1
1,5154,0
1,5155,-1
1,5156,-5
1,5157,-6
1,5158,-1
1,5159,-1
1,5160,0
1,5161,-1
1,5162,-8
1,5163,-1
1,5164,-1
1,5165,-3
1,5166,0
1,5167,-6
1,5168,-2
1,5169,0
1,5170,0
1,5171,0
1,5172,12
1,5173,14
1,5174,9
1,5175,0
1,5176,0
1,5177,8
1,5178,0
1,5179,0
1,5180,4
1,5181,1
1,5182,0
1,5183,1
1,5184,0
1,5185,0
1,5186,0
1,5187,0
1,5188,0
1,5189,3
1,5190,0
1,5191,0
1,5192,0
1,5193,0
1,5194,0
1,5195,2
1,5196,0
1,5197,0
1,5198,0
1,5199,0
1,5200,4
1,5201,9
1,5202,14
1,5203,0
1,5204,14
1,5205,10
1,5206,0
1,5207,0
1,5208,3
1,5209,10
1,5210,10
1,5211,0
1,5212,10
1,5213,0
1,5214,10
1,5215,0
1,5216,8
1,5217,1
1,5218,0
1,5219,0
1,5220,0
1,5221,0
1,5222,0
1,5223,0
1,5224,0
1,5225,0
1,5226,0
1,5227,0
1,5228,0
1,5229,7
1,5230,0
1,5231,2
1,5232,-3
1,5233,0
1,5234,10
1,5235,3
1,5236,2
1,5237,2
1,5238,1
1,5239,0
1,5240,0
1,5241,2
1,5242,0
1,5243,0
1,5244,3
1,5245,0
1,5246,0
1,5247,0
1,5248,12
1,5249,0
1,5250,7
1,5251,0
1,5252,0
1,5253,0
1,5254,0
1,5255,0
1,5256,0
1,5257,0
1,5258,0
1,5259,3
1,5260,-7
1,5261,-3
1,5262,0
1,5263,0
1,5264,2
1,5265,0
1,5266,6
1,5267,6
1,5268,-2
1,5269,-2
1,5270,6
1,5271,-1
1,5272,-2
1,5273,0
1,5274,6
1,5275,6
1,5276,6
1,5277,6
1,5278,6
1,5279,1
1,5280,6
1,5281,6
1,5282,6
1,5283,6
1,5284,6
1,5285,-2
1,5286,6
1,5287,6
1,5288,4
1,5289,6
1,5290,6
1,5291,1
1,5292,1
1,5293,6
1,5294,6
1,5295,6
1,5296,1
1,5297,6
1,5298,6
1,5299,-1
1,5300,6
1,5301,2
1,5302,6
1,5303,0
1,5304,6
1,5305,0
1,5306,6
1,5307,1
1,5308,6
1,5309,2
1,5310,3
1,5311,6
1,5312,6
1,5313,6
1,5314,6
1,5315,6
1,5316,6
1,5317,6
1,5318,6
1,5319,1
1,5320,6
1,5321,6
1,5322,6
1,5323,6
1,5324,0
1,5325,0
1,5326,6
1,5327,1
1,5328,0
1,5329,6
1,5330,6
1,5331,1
1,5332,6
1,5333,6
1,5334,6
1,5335,6
1,5336,-1
1,5337,0
1,5338,6
1,5339,6
1,5340,1
1,5341,6
1,5342,6
1,5343,6
1,5344,6
1,5345,6
1,5346,6
1,5347,0
1,5348,6
1,5349,6
1,5350,6
1,5351,6
1,5352,6
1,5353,6
1,5354,6
1,5355,1
1,5356,6
1,5357,6
1,5358,0
1,5359,6
1,5360,6
1,5361,6
1,5362,6
1,5363,-2
1,5364,6
1,5365,6
1,5366,0
1,5367,0
1,5368,0
1,5369,0
1,5370,0
1,5371,-2
1,5372,0
1,5373,2
1,5374,0
1,5375,3
1,5376,0
1,5377,-1
1,5378,-2
1,5379,0
1,5380,-1
1,5381,-1
1,5382,0
1,5383,0
1,5384,0
1,5385,-1
1,5386,0
1,5387,0
1,5388,0
1,5389,-1
1,5390,0
1,5391,0
1,5392,0
1,5393,3
1,5394,0
1,5395,0
1,5396,0
1,5397,0
1,5398,2
1,5399,0
1,5400,0
1,5401,0
1,5402,0
1,5403,-3
1,5404,0
1,5405,0
1,5406,-1
1,5407,0
1,5408,0
1,5409,0
1,5410,-1
1,5411,0
1,5412,-1
1,5413,1
1,5414,-1
1,5415,2
1,5416,0
1,5417,-2
1,5418,-2
1,5419,0
1,5420,0
1,5421,0
1,5422,0
1,5423,3
1,5424,0
1,5425,0
1,5426,-1
1,5427,0
1,5428,0
1,5429,0
1,5430,1
1,5431,0
1,5432,0
1,5433,0
1,5434,0
1,5435,0
1,5436,0
1,5437,1
1,5438,0
1,5439,0
1,5440,0
1,5441,0
1,5442,-1
1,5443,0
1,5444,0
1,5445,0
1,5446,0
1,5447,-1
1,5448,-3
1,5449,0
1,5450,3
1,5451,-1
1,5452,0
1,5453,3
1,5454,0
1,5455,-1
1,5456,0
1,5457,0
1,5458,0
1,5459,0
1,5460,0
1,5461,0
1,5462,0
1,5463,0
1,5464,0
1,5465,-1
1,5466,0
1,5467,-1
1,5468,0
1,5469,0
1,5470,0
1,5471,0
1,5472,0
1,5473,0
1,5474,0
1,5475,0
1,5476,0
1,5477,0
1,5478,0
1,5479,0
1,5480,0
1,5481,0
1,5482,0
1,5483,-3
1,5484,0
1,5485,-1
1,5486,0
1,5487,-1
1,5488,2
1,5489,0
1,5490,3
1,5491,0
1,5492,-1
1,5493,1
1,5494,3
1,5495,2
1,5496,0
1,5497,0
1,5498,0
1,5499,-2
1,5500,0
1,5501,5
1,5502,-2
1,5503,-4
1,5504,0
1,5505,-3
1,5506,-2
1,5507,3
1,5508,0
1,5509,0
1,5510,0
1,5511,0
1,5512,4
1,5513,-3
1,5514,0
1,5515,0
1,5516,-4
1,5517,1
1,5518,4
1,5519,2
1,5520,0
1,5521,0
1,5522,2
1,5523,0
1,5524,0
1,5525,0
1,5526,-1
1,5527,2
1,5528,0
1,5529,1
1,5530,-2
1,5531,0
1,5532,0
1,5533,-2
1,5534,2
1,5535,0
1,5536,-2
1,5537,1
1,5538,0
1,5539,0
1,5540,1
1,5541,3
1,5542,0
1,5543,2
1,5544,-4
1,5545,-4
1,5546,0
1,5547,0
1,5548,4
1,5549,0
1,5550,2
1,5551,0
1,5552,0
1,5553,0
1,5554,-1
1,5555,-2
1,5556,2
1,5557,2
1,5558,0
1,5559,0
1,5560,2
1,5561,1
1,5562,0
1,5563,0
1,5564,0
1,5565,-4
